"time","nb_patients"
8.702451804,100
19.949355557,300
30.646480673,500
5.344778186,10
31.087285229,500
27.752203901,400
15.049820486,300
10.137418377,200
48.846392514,1000
3.406245432,10
4.896075812,50
9.999687813,200
4.913526062,50
6.801383182,100
5.234664341,50
50.18665424,1000
10.908781478,200
6.617936183,100
17.601103198,400
22.903236188,500
20.169867342,400
15.225834704,300
3.322810803,10
46.41701287,1000
