time_train,time_saem,total_time
63.352618613999994,332.9768312369997,396.3294498509997
59.77678196199997,326.76793423599975,386.5447161979997
72.083453598,323.5960604359998,395.6795140339998
51.80109469399997,321.798505881,373.59960057499995
62.82177049500001,323.9207215229999,386.7424920179999
