"expr","time","time_sec"
"fit_nlmixr()",801090466306,801.090466306
"fit_nlmixr()",803839149443,803.839149443
"fit_nlmixr()",811995594350,811.99559435
"fit_nlmixr()",848819216064,848.819216064
"fit_nlmixr()",827922452465,827.922452465
