"expr","time","time_sec"
"fit_nlmixr()",690632743594,690.632743594
"fit_nlmixr()",709253620133,709.253620133
"fit_nlmixr()",714112419498,714.112419498
"fit_nlmixr()",719390266777,719.390266777
"fit_nlmixr()",727045568778,727.045568778
