time_train,time_saem,total_time
63.352618613999994,48.19025461599995,111.54287322999994
59.77678196199997,48.926446088000375,108.70322805000035
72.083453598,50.20146465400012,122.28491825200012
51.80109469399997,49.690293807999296,101.49138850199927
62.82177049500001,49.35912280100001,112.18089329600002
